图像路径,真实标签(推断),预测值,置信度
E:\CUG\Spatial_time_BigdataAnalysis\project\spatial_time_bigdata_analysis\data\Cyclone_Wildfire_Flood_Earthquake_Database\Cyclone\102.jpg,Cyclone,Wildfire,0.5025001168251038
E:\CUG\Spatial_time_BigdataAnalysis\project\spatial_time_bigdata_analysis\data\Cyclone_Wildfire_Flood_Earthquake_Database\Cyclone\104.jpg,Cyclone,Earthquake,0.6863301396369934
E:\CUG\Spatial_time_BigdataAnalysis\project\spatial_time_bigdata_analysis\data\Cyclone_Wildfire_Flood_Earthquake_Database\Cyclone\106.jpg,Cyclone,Wildfire,0.9716455936431885
E:\CUG\Spatial_time_BigdataAnalysis\project\spatial_time_bigdata_analysis\data\Cyclone_Wildfire_Flood_Earthquake_Database\Cyclone\109.jpg,Cyclone,Earthquake,0.7744930386543274
E:\CUG\Spatial_time_BigdataAnalysis\project\spatial_time_bigdata_analysis\data\Cyclone_Wildfire_Flood_Earthquake_Database\Cyclone\110.jpg,Cyclone,Wildfire,0.6895390152931213
E:\CUG\Spatial_time_BigdataAnalysis\project\spatial_time_bigdata_analysis\data\Cyclone_Wildfire_Flood_Earthquake_Database\Cyclone\112.jpg,Cyclone,Wildfire,0.8904311656951904
E:\CUG\Spatial_time_BigdataAnalysis\project\spatial_time_bigdata_analysis\data\Cyclone_Wildfire_Flood_Earthquake_Database\Cyclone\113.jpg,Cyclone,Wildfire,0.6431284546852112
E:\CUG\Spatial_time_BigdataAnalysis\project\spatial_time_bigdata_analysis\data\Cyclone_Wildfire_Flood_Earthquake_Database\Cyclone\12.jpg,Cyclone,Wildfire,0.9484214186668396
E:\CUG\Spatial_time_BigdataAnalysis\project\spatial_time_bigdata_analysis\data\Cyclone_Wildfire_Flood_Earthquake_Database\Cyclone\120.jpg,Cyclone,Wildfire,0.6261537671089172
E:\CUG\Spatial_time_BigdataAnalysis\project\spatial_time_bigdata_analysis\data\Cyclone_Wildfire_Flood_Earthquake_Database\Cyclone\122.jpg,Cyclone,Wildfire,0.6350350379943848
E:\CUG\Spatial_time_BigdataAnalysis\project\spatial_time_bigdata_analysis\data\Cyclone_Wildfire_Flood_Earthquake_Database\Cyclone\123.jpg,Cyclone,Wildfire,0.5172701478004456
E:\CUG\Spatial_time_BigdataAnalysis\project\spatial_time_bigdata_analysis\data\Cyclone_Wildfire_Flood_Earthquake_Database\Cyclone\126.jpg,Cyclone,Earthquake,0.42117127776145935
E:\CUG\Spatial_time_BigdataAnalysis\project\spatial_time_bigdata_analysis\data\Cyclone_Wildfire_Flood_Earthquake_Database\Cyclone\127.jpg,Cyclone,Wildfire,0.7531836032867432
E:\CUG\Spatial_time_BigdataAnalysis\project\spatial_time_bigdata_analysis\data\Cyclone_Wildfire_Flood_Earthquake_Database\Cyclone\131.jpg,Cyclone,Wildfire,0.5077744722366333
E:\CUG\Spatial_time_BigdataAnalysis\project\spatial_time_bigdata_analysis\data\Cyclone_Wildfire_Flood_Earthquake_Database\Cyclone\135.jpg,Cyclone,Wildfire,0.9295980334281921
E:\CUG\Spatial_time_BigdataAnalysis\project\spatial_time_bigdata_analysis\data\Cyclone_Wildfire_Flood_Earthquake_Database\Cyclone\136.jpg,Cyclone,Wildfire,0.5754457116127014
E:\CUG\Spatial_time_BigdataAnalysis\project\spatial_time_bigdata_analysis\data\Cyclone_Wildfire_Flood_Earthquake_Database\Cyclone\14.jpg,Cyclone,Wildfire,0.9934657216072083
E:\CUG\Spatial_time_BigdataAnalysis\project\spatial_time_bigdata_analysis\data\Cyclone_Wildfire_Flood_Earthquake_Database\Cyclone\140.jpg,Cyclone,Wildfire,0.8687548041343689
E:\CUG\Spatial_time_BigdataAnalysis\project\spatial_time_bigdata_analysis\data\Cyclone_Wildfire_Flood_Earthquake_Database\Cyclone\141.jpg,Cyclone,Wildfire,0.8369548320770264
E:\CUG\Spatial_time_BigdataAnalysis\project\spatial_time_bigdata_analysis\data\Cyclone_Wildfire_Flood_Earthquake_Database\Cyclone\144.jpg,Cyclone,Wildfire,0.8457289934158325
E:\CUG\Spatial_time_BigdataAnalysis\project\spatial_time_bigdata_analysis\data\Cyclone_Wildfire_Flood_Earthquake_Database\Cyclone\150.jpg,Cyclone,Wildfire,0.5180326104164124
E:\CUG\Spatial_time_BigdataAnalysis\project\spatial_time_bigdata_analysis\data\Cyclone_Wildfire_Flood_Earthquake_Database\Cyclone\151.jpg,Cyclone,Wildfire,0.8577044010162354
E:\CUG\Spatial_time_BigdataAnalysis\project\spatial_time_bigdata_analysis\data\Cyclone_Wildfire_Flood_Earthquake_Database\Cyclone\154.jpg,Cyclone,Wildfire,0.8399172425270081
E:\CUG\Spatial_time_BigdataAnalysis\project\spatial_time_bigdata_analysis\data\Cyclone_Wildfire_Flood_Earthquake_Database\Cyclone\155.jpg,Cyclone,Wildfire,0.6614581346511841
E:\CUG\Spatial_time_BigdataAnalysis\project\spatial_time_bigdata_analysis\data\Cyclone_Wildfire_Flood_Earthquake_Database\Cyclone\159.jpg,Cyclone,Wildfire,0.5416502356529236
E:\CUG\Spatial_time_BigdataAnalysis\project\spatial_time_bigdata_analysis\data\Cyclone_Wildfire_Flood_Earthquake_Database\Cyclone\16.jpg,Cyclone,Wildfire,0.9998980760574341
E:\CUG\Spatial_time_BigdataAnalysis\project\spatial_time_bigdata_analysis\data\Cyclone_Wildfire_Flood_Earthquake_Database\Cyclone\164.jpg,Cyclone,Wildfire,0.9385018348693848
E:\CUG\Spatial_time_BigdataAnalysis\project\spatial_time_bigdata_analysis\data\Cyclone_Wildfire_Flood_Earthquake_Database\Cyclone\168.jpg,Cyclone,Wildfire,0.695321798324585
E:\CUG\Spatial_time_BigdataAnalysis\project\spatial_time_bigdata_analysis\data\Cyclone_Wildfire_Flood_Earthquake_Database\Cyclone\17.jpg,Cyclone,Wildfire,0.9871311783790588
E:\CUG\Spatial_time_BigdataAnalysis\project\spatial_time_bigdata_analysis\data\Cyclone_Wildfire_Flood_Earthquake_Database\Cyclone\170.jpg,Cyclone,Earthquake,0.7303290963172913
E:\CUG\Spatial_time_BigdataAnalysis\project\spatial_time_bigdata_analysis\data\Cyclone_Wildfire_Flood_Earthquake_Database\Cyclone\171.jpg,Cyclone,Wildfire,0.9117895364761353
E:\CUG\Spatial_time_BigdataAnalysis\project\spatial_time_bigdata_analysis\data\Cyclone_Wildfire_Flood_Earthquake_Database\Cyclone\172.jpg,Cyclone,Wildfire,0.7806280255317688
E:\CUG\Spatial_time_BigdataAnalysis\project\spatial_time_bigdata_analysis\data\Cyclone_Wildfire_Flood_Earthquake_Database\Cyclone\176.jpg,Cyclone,Wildfire,0.9743272662162781
E:\CUG\Spatial_time_BigdataAnalysis\project\spatial_time_bigdata_analysis\data\Cyclone_Wildfire_Flood_Earthquake_Database\Cyclone\181.jpg,Cyclone,Wildfire,0.8183537721633911
E:\CUG\Spatial_time_BigdataAnalysis\project\spatial_time_bigdata_analysis\data\Cyclone_Wildfire_Flood_Earthquake_Database\Cyclone\184.jpg,Cyclone,Wildfire,0.6895390152931213
E:\CUG\Spatial_time_BigdataAnalysis\project\spatial_time_bigdata_analysis\data\Cyclone_Wildfire_Flood_Earthquake_Database\Cyclone\190.jpg,Cyclone,Wildfire,0.3623647391796112
E:\CUG\Spatial_time_BigdataAnalysis\project\spatial_time_bigdata_analysis\data\Cyclone_Wildfire_Flood_Earthquake_Database\Cyclone\193.jpg,Cyclone,Wildfire,0.751618504524231
E:\CUG\Spatial_time_BigdataAnalysis\project\spatial_time_bigdata_analysis\data\Cyclone_Wildfire_Flood_Earthquake_Database\Cyclone\195.jpg,Cyclone,Wildfire,0.9313951134681702
E:\CUG\Spatial_time_BigdataAnalysis\project\spatial_time_bigdata_analysis\data\Cyclone_Wildfire_Flood_Earthquake_Database\Cyclone\197.jpg,Cyclone,Wildfire,0.9990767240524292
E:\CUG\Spatial_time_BigdataAnalysis\project\spatial_time_bigdata_analysis\data\Cyclone_Wildfire_Flood_Earthquake_Database\Cyclone\2.jpg,Cyclone,Wildfire,0.8702048063278198
E:\CUG\Spatial_time_BigdataAnalysis\project\spatial_time_bigdata_analysis\data\Cyclone_Wildfire_Flood_Earthquake_Database\Cyclone\201.jpg,Cyclone,Wildfire,0.5124775767326355
E:\CUG\Spatial_time_BigdataAnalysis\project\spatial_time_bigdata_analysis\data\Cyclone_Wildfire_Flood_Earthquake_Database\Cyclone\202.jpg,Cyclone,Wildfire,0.9877170920372009
E:\CUG\Spatial_time_BigdataAnalysis\project\spatial_time_bigdata_analysis\data\Cyclone_Wildfire_Flood_Earthquake_Database\Cyclone\208.jpg,Cyclone,Wildfire,0.9385018348693848
E:\CUG\Spatial_time_BigdataAnalysis\project\spatial_time_bigdata_analysis\data\Cyclone_Wildfire_Flood_Earthquake_Database\Cyclone\209.jpg,Cyclone,Wildfire,0.8924449682235718
E:\CUG\Spatial_time_BigdataAnalysis\project\spatial_time_bigdata_analysis\data\Cyclone_Wildfire_Flood_Earthquake_Database\Cyclone\210.jpg,Cyclone,Wildfire,0.8770976066589355
E:\CUG\Spatial_time_BigdataAnalysis\project\spatial_time_bigdata_analysis\data\Cyclone_Wildfire_Flood_Earthquake_Database\Cyclone\212.jpg,Cyclone,Wildfire,0.5136664509773254
E:\CUG\Spatial_time_BigdataAnalysis\project\spatial_time_bigdata_analysis\data\Cyclone_Wildfire_Flood_Earthquake_Database\Cyclone\214.jpg,Cyclone,Wildfire,0.8874577283859253
E:\CUG\Spatial_time_BigdataAnalysis\project\spatial_time_bigdata_analysis\data\Cyclone_Wildfire_Flood_Earthquake_Database\Cyclone\216.jpg,Cyclone,Wildfire,0.8195289373397827
E:\CUG\Spatial_time_BigdataAnalysis\project\spatial_time_bigdata_analysis\data\Cyclone_Wildfire_Flood_Earthquake_Database\Cyclone\217.jpg,Cyclone,Wildfire,0.9069091081619263
E:\CUG\Spatial_time_BigdataAnalysis\project\spatial_time_bigdata_analysis\data\Cyclone_Wildfire_Flood_Earthquake_Database\Cyclone\219.jpg,Cyclone,Wildfire,0.973645806312561
E:\CUG\Spatial_time_BigdataAnalysis\project\spatial_time_bigdata_analysis\data\Cyclone_Wildfire_Flood_Earthquake_Database\Cyclone\22.jpg,Cyclone,Wildfire,0.5737301111221313
E:\CUG\Spatial_time_BigdataAnalysis\project\spatial_time_bigdata_analysis\data\Cyclone_Wildfire_Flood_Earthquake_Database\Cyclone\220.jpg,Cyclone,Earthquake,0.7916268110275269
E:\CUG\Spatial_time_BigdataAnalysis\project\spatial_time_bigdata_analysis\data\Cyclone_Wildfire_Flood_Earthquake_Database\Cyclone\221.jpg,Cyclone,Earthquake,0.499748170375824
E:\CUG\Spatial_time_BigdataAnalysis\project\spatial_time_bigdata_analysis\data\Cyclone_Wildfire_Flood_Earthquake_Database\Cyclone\226.jpg,Cyclone,Wildfire,0.9145420789718628
E:\CUG\Spatial_time_BigdataAnalysis\project\spatial_time_bigdata_analysis\data\Cyclone_Wildfire_Flood_Earthquake_Database\Cyclone\228.jpg,Cyclone,Wildfire,0.8465098738670349
E:\CUG\Spatial_time_BigdataAnalysis\project\spatial_time_bigdata_analysis\data\Cyclone_Wildfire_Flood_Earthquake_Database\Cyclone\23.jpg,Cyclone,Wildfire,0.5645343661308289
E:\CUG\Spatial_time_BigdataAnalysis\project\spatial_time_bigdata_analysis\data\Cyclone_Wildfire_Flood_Earthquake_Database\Cyclone\231.jpg,Cyclone,Wildfire,0.7289705872535706
E:\CUG\Spatial_time_BigdataAnalysis\project\spatial_time_bigdata_analysis\data\Cyclone_Wildfire_Flood_Earthquake_Database\Cyclone\234.jpg,Cyclone,Wildfire,0.4922271966934204
E:\CUG\Spatial_time_BigdataAnalysis\project\spatial_time_bigdata_analysis\data\Cyclone_Wildfire_Flood_Earthquake_Database\Cyclone\236.jpg,Cyclone,Wildfire,0.5276226997375488
E:\CUG\Spatial_time_BigdataAnalysis\project\spatial_time_bigdata_analysis\data\Cyclone_Wildfire_Flood_Earthquake_Database\Cyclone\237.jpg,Cyclone,Wildfire,0.8555201888084412
E:\CUG\Spatial_time_BigdataAnalysis\project\spatial_time_bigdata_analysis\data\Cyclone_Wildfire_Flood_Earthquake_Database\Cyclone\240.jpg,Cyclone,Wildfire,0.5693715214729309
E:\CUG\Spatial_time_BigdataAnalysis\project\spatial_time_bigdata_analysis\data\Cyclone_Wildfire_Flood_Earthquake_Database\Cyclone\245.jpg,Cyclone,Wildfire,0.7733186483383179
E:\CUG\Spatial_time_BigdataAnalysis\project\spatial_time_bigdata_analysis\data\Cyclone_Wildfire_Flood_Earthquake_Database\Cyclone\248.jpg,Cyclone,Wildfire,0.599574089050293
E:\CUG\Spatial_time_BigdataAnalysis\project\spatial_time_bigdata_analysis\data\Cyclone_Wildfire_Flood_Earthquake_Database\Cyclone\249.jpg,Cyclone,Wildfire,0.6345971822738647
E:\CUG\Spatial_time_BigdataAnalysis\project\spatial_time_bigdata_analysis\data\Cyclone_Wildfire_Flood_Earthquake_Database\Cyclone\251.jpg,Cyclone,Wildfire,0.6054328680038452
E:\CUG\Spatial_time_BigdataAnalysis\project\spatial_time_bigdata_analysis\data\Cyclone_Wildfire_Flood_Earthquake_Database\Cyclone\253.jpg,Cyclone,Wildfire,0.6196027398109436
E:\CUG\Spatial_time_BigdataAnalysis\project\spatial_time_bigdata_analysis\data\Cyclone_Wildfire_Flood_Earthquake_Database\Cyclone\255.jpg,Cyclone,Wildfire,0.6500533819198608
E:\CUG\Spatial_time_BigdataAnalysis\project\spatial_time_bigdata_analysis\data\Cyclone_Wildfire_Flood_Earthquake_Database\Cyclone\257.jpg,Cyclone,Wildfire,0.7469152808189392
E:\CUG\Spatial_time_BigdataAnalysis\project\spatial_time_bigdata_analysis\data\Cyclone_Wildfire_Flood_Earthquake_Database\Cyclone\261.jpg,Cyclone,Wildfire,0.622432291507721
E:\CUG\Spatial_time_BigdataAnalysis\project\spatial_time_bigdata_analysis\data\Cyclone_Wildfire_Flood_Earthquake_Database\Cyclone\267.jpg,Cyclone,Wildfire,0.9787192940711975
E:\CUG\Spatial_time_BigdataAnalysis\project\spatial_time_bigdata_analysis\data\Cyclone_Wildfire_Flood_Earthquake_Database\Cyclone\269.jpg,Cyclone,Wildfire,0.8538902997970581
E:\CUG\Spatial_time_BigdataAnalysis\project\spatial_time_bigdata_analysis\data\Cyclone_Wildfire_Flood_Earthquake_Database\Cyclone\270.jpg,Cyclone,Wildfire,0.9899812340736389
E:\CUG\Spatial_time_BigdataAnalysis\project\spatial_time_bigdata_analysis\data\Cyclone_Wildfire_Flood_Earthquake_Database\Cyclone\277.jpg,Cyclone,Wildfire,0.7122003436088562
E:\CUG\Spatial_time_BigdataAnalysis\project\spatial_time_bigdata_analysis\data\Cyclone_Wildfire_Flood_Earthquake_Database\Cyclone\28.jpg,Cyclone,Wildfire,0.5848630666732788
E:\CUG\Spatial_time_BigdataAnalysis\project\spatial_time_bigdata_analysis\data\Cyclone_Wildfire_Flood_Earthquake_Database\Cyclone\284.jpg,Cyclone,Earthquake,0.8558575510978699
E:\CUG\Spatial_time_BigdataAnalysis\project\spatial_time_bigdata_analysis\data\Cyclone_Wildfire_Flood_Earthquake_Database\Cyclone\285.jpg,Cyclone,Wildfire,0.8885528445243835
E:\CUG\Spatial_time_BigdataAnalysis\project\spatial_time_bigdata_analysis\data\Cyclone_Wildfire_Flood_Earthquake_Database\Cyclone\286.jpg,Cyclone,Wildfire,0.9057769775390625
E:\CUG\Spatial_time_BigdataAnalysis\project\spatial_time_bigdata_analysis\data\Cyclone_Wildfire_Flood_Earthquake_Database\Cyclone\289.jpg,Cyclone,Wildfire,0.571051836013794
E:\CUG\Spatial_time_BigdataAnalysis\project\spatial_time_bigdata_analysis\data\Cyclone_Wildfire_Flood_Earthquake_Database\Cyclone\290.jpg,Cyclone,Wildfire,0.6204224824905396
E:\CUG\Spatial_time_BigdataAnalysis\project\spatial_time_bigdata_analysis\data\Cyclone_Wildfire_Flood_Earthquake_Database\Cyclone\292.jpg,Cyclone,Earthquake,0.7223972678184509
E:\CUG\Spatial_time_BigdataAnalysis\project\spatial_time_bigdata_analysis\data\Cyclone_Wildfire_Flood_Earthquake_Database\Cyclone\293.jpg,Cyclone,Wildfire,0.9668704867362976
E:\CUG\Spatial_time_BigdataAnalysis\project\spatial_time_bigdata_analysis\data\Cyclone_Wildfire_Flood_Earthquake_Database\Cyclone\299.jpg,Cyclone,Wildfire,0.6405947208404541
E:\CUG\Spatial_time_BigdataAnalysis\project\spatial_time_bigdata_analysis\data\Cyclone_Wildfire_Flood_Earthquake_Database\Cyclone\3.jpg,Cyclone,Wildfire,0.6992619633674622
E:\CUG\Spatial_time_BigdataAnalysis\project\spatial_time_bigdata_analysis\data\Cyclone_Wildfire_Flood_Earthquake_Database\Cyclone\302.jpg,Cyclone,Wildfire,0.5336686372756958
E:\CUG\Spatial_time_BigdataAnalysis\project\spatial_time_bigdata_analysis\data\Cyclone_Wildfire_Flood_Earthquake_Database\Cyclone\306.jpg,Cyclone,Wildfire,0.6684389710426331
E:\CUG\Spatial_time_BigdataAnalysis\project\spatial_time_bigdata_analysis\data\Cyclone_Wildfire_Flood_Earthquake_Database\Cyclone\307.jpg,Cyclone,Wildfire,0.6000687479972839
E:\CUG\Spatial_time_BigdataAnalysis\project\spatial_time_bigdata_analysis\data\Cyclone_Wildfire_Flood_Earthquake_Database\Cyclone\31.jpg,Cyclone,Wildfire,0.8150504231452942
E:\CUG\Spatial_time_BigdataAnalysis\project\spatial_time_bigdata_analysis\data\Cyclone_Wildfire_Flood_Earthquake_Database\Cyclone\311.jpg,Cyclone,Earthquake,0.8892088532447815
E:\CUG\Spatial_time_BigdataAnalysis\project\spatial_time_bigdata_analysis\data\Cyclone_Wildfire_Flood_Earthquake_Database\Cyclone\312.jpg,Cyclone,Earthquake,0.895354151725769
E:\CUG\Spatial_time_BigdataAnalysis\project\spatial_time_bigdata_analysis\data\Cyclone_Wildfire_Flood_Earthquake_Database\Cyclone\314.jpg,Cyclone,Wildfire,0.8577044010162354
E:\CUG\Spatial_time_BigdataAnalysis\project\spatial_time_bigdata_analysis\data\Cyclone_Wildfire_Flood_Earthquake_Database\Cyclone\318.jpg,Cyclone,Wildfire,0.8599502444267273
E:\CUG\Spatial_time_BigdataAnalysis\project\spatial_time_bigdata_analysis\data\Cyclone_Wildfire_Flood_Earthquake_Database\Cyclone\319.jpg,Cyclone,Wildfire,0.511463463306427
E:\CUG\Spatial_time_BigdataAnalysis\project\spatial_time_bigdata_analysis\data\Cyclone_Wildfire_Flood_Earthquake_Database\Cyclone\320.jpg,Cyclone,Wildfire,0.6261587142944336
E:\CUG\Spatial_time_BigdataAnalysis\project\spatial_time_bigdata_analysis\data\Cyclone_Wildfire_Flood_Earthquake_Database\Cyclone\321.jpg,Cyclone,Earthquake,0.5746011734008789
E:\CUG\Spatial_time_BigdataAnalysis\project\spatial_time_bigdata_analysis\data\Cyclone_Wildfire_Flood_Earthquake_Database\Cyclone\322.jpg,Cyclone,Wildfire,0.6222919821739197
E:\CUG\Spatial_time_BigdataAnalysis\project\spatial_time_bigdata_analysis\data\Cyclone_Wildfire_Flood_Earthquake_Database\Cyclone\325.jpg,Cyclone,Wildfire,0.7606551647186279
E:\CUG\Spatial_time_BigdataAnalysis\project\spatial_time_bigdata_analysis\data\Cyclone_Wildfire_Flood_Earthquake_Database\Cyclone\326.jpg,Cyclone,Wildfire,0.9983434677124023
E:\CUG\Spatial_time_BigdataAnalysis\project\spatial_time_bigdata_analysis\data\Cyclone_Wildfire_Flood_Earthquake_Database\Cyclone\327.jpg,Cyclone,Wildfire,0.6326361298561096
E:\CUG\Spatial_time_BigdataAnalysis\project\spatial_time_bigdata_analysis\data\Cyclone_Wildfire_Flood_Earthquake_Database\Cyclone\328.jpg,Cyclone,Wildfire,0.7565250992774963
E:\CUG\Spatial_time_BigdataAnalysis\project\spatial_time_bigdata_analysis\data\Cyclone_Wildfire_Flood_Earthquake_Database\Cyclone\329.jpg,Cyclone,Wildfire,0.743230938911438
E:\CUG\Spatial_time_BigdataAnalysis\project\spatial_time_bigdata_analysis\data\Cyclone_Wildfire_Flood_Earthquake_Database\Cyclone\339.jpg,Cyclone,Wildfire,0.7553035616874695
E:\CUG\Spatial_time_BigdataAnalysis\project\spatial_time_bigdata_analysis\data\Cyclone_Wildfire_Flood_Earthquake_Database\Cyclone\343.jpg,Cyclone,Wildfire,0.9075127840042114
E:\CUG\Spatial_time_BigdataAnalysis\project\spatial_time_bigdata_analysis\data\Cyclone_Wildfire_Flood_Earthquake_Database\Cyclone\347.jpg,Cyclone,Wildfire,0.9583699107170105
E:\CUG\Spatial_time_BigdataAnalysis\project\spatial_time_bigdata_analysis\data\Cyclone_Wildfire_Flood_Earthquake_Database\Cyclone\350.jpg,Cyclone,Wildfire,0.8950935006141663
E:\CUG\Spatial_time_BigdataAnalysis\project\spatial_time_bigdata_analysis\data\Cyclone_Wildfire_Flood_Earthquake_Database\Cyclone\356.jpg,Cyclone,Wildfire,0.9980478286743164
E:\CUG\Spatial_time_BigdataAnalysis\project\spatial_time_bigdata_analysis\data\Cyclone_Wildfire_Flood_Earthquake_Database\Cyclone\359.jpg,Cyclone,Wildfire,0.8267083764076233
E:\CUG\Spatial_time_BigdataAnalysis\project\spatial_time_bigdata_analysis\data\Cyclone_Wildfire_Flood_Earthquake_Database\Cyclone\361.jpg,Cyclone,Wildfire,0.8552324175834656
E:\CUG\Spatial_time_BigdataAnalysis\project\spatial_time_bigdata_analysis\data\Cyclone_Wildfire_Flood_Earthquake_Database\Cyclone\362.jpg,Cyclone,Wildfire,0.5433050394058228
E:\CUG\Spatial_time_BigdataAnalysis\project\spatial_time_bigdata_analysis\data\Cyclone_Wildfire_Flood_Earthquake_Database\Cyclone\364.jpg,Cyclone,Earthquake,0.7926830649375916
E:\CUG\Spatial_time_BigdataAnalysis\project\spatial_time_bigdata_analysis\data\Cyclone_Wildfire_Flood_Earthquake_Database\Cyclone\366.jpg,Cyclone,Wildfire,0.998461127281189
E:\CUG\Spatial_time_BigdataAnalysis\project\spatial_time_bigdata_analysis\data\Cyclone_Wildfire_Flood_Earthquake_Database\Cyclone\367.jpg,Cyclone,Wildfire,0.9853497743606567
E:\CUG\Spatial_time_BigdataAnalysis\project\spatial_time_bigdata_analysis\data\Cyclone_Wildfire_Flood_Earthquake_Database\Cyclone\373.jpg,Cyclone,Wildfire,0.5722949504852295
E:\CUG\Spatial_time_BigdataAnalysis\project\spatial_time_bigdata_analysis\data\Cyclone_Wildfire_Flood_Earthquake_Database\Cyclone\374.jpg,Cyclone,Wildfire,0.8233326077461243
E:\CUG\Spatial_time_BigdataAnalysis\project\spatial_time_bigdata_analysis\data\Cyclone_Wildfire_Flood_Earthquake_Database\Cyclone\380.jpg,Cyclone,Wildfire,0.9437466263771057
E:\CUG\Spatial_time_BigdataAnalysis\project\spatial_time_bigdata_analysis\data\Cyclone_Wildfire_Flood_Earthquake_Database\Cyclone\382.jpg,Cyclone,Wildfire,0.8527617454528809
E:\CUG\Spatial_time_BigdataAnalysis\project\spatial_time_bigdata_analysis\data\Cyclone_Wildfire_Flood_Earthquake_Database\Cyclone\384.jpg,Cyclone,Wildfire,0.8115551471710205
E:\CUG\Spatial_time_BigdataAnalysis\project\spatial_time_bigdata_analysis\data\Cyclone_Wildfire_Flood_Earthquake_Database\Cyclone\385.jpg,Cyclone,Wildfire,0.969695508480072
E:\CUG\Spatial_time_BigdataAnalysis\project\spatial_time_bigdata_analysis\data\Cyclone_Wildfire_Flood_Earthquake_Database\Cyclone\387.jpg,Cyclone,Wildfire,0.9913668036460876
E:\CUG\Spatial_time_BigdataAnalysis\project\spatial_time_bigdata_analysis\data\Cyclone_Wildfire_Flood_Earthquake_Database\Cyclone\390.jpg,Cyclone,Wildfire,0.7814244627952576
E:\CUG\Spatial_time_BigdataAnalysis\project\spatial_time_bigdata_analysis\data\Cyclone_Wildfire_Flood_Earthquake_Database\Cyclone\391.jpg,Cyclone,Wildfire,0.5596256852149963
E:\CUG\Spatial_time_BigdataAnalysis\project\spatial_time_bigdata_analysis\data\Cyclone_Wildfire_Flood_Earthquake_Database\Cyclone\392.jpg,Cyclone,Wildfire,0.5019543170928955
E:\CUG\Spatial_time_BigdataAnalysis\project\spatial_time_bigdata_analysis\data\Cyclone_Wildfire_Flood_Earthquake_Database\Cyclone\396.jpg,Cyclone,Wildfire,0.6199980974197388
E:\CUG\Spatial_time_BigdataAnalysis\project\spatial_time_bigdata_analysis\data\Cyclone_Wildfire_Flood_Earthquake_Database\Cyclone\398.jpg,Cyclone,Wildfire,0.9951234459877014
E:\CUG\Spatial_time_BigdataAnalysis\project\spatial_time_bigdata_analysis\data\Cyclone_Wildfire_Flood_Earthquake_Database\Cyclone\403.jpg,Cyclone,Wildfire,0.9883480668067932
E:\CUG\Spatial_time_BigdataAnalysis\project\spatial_time_bigdata_analysis\data\Cyclone_Wildfire_Flood_Earthquake_Database\Cyclone\407.jpg,Cyclone,Wildfire,0.9961774349212646
E:\CUG\Spatial_time_BigdataAnalysis\project\spatial_time_bigdata_analysis\data\Cyclone_Wildfire_Flood_Earthquake_Database\Cyclone\413.jpg,Cyclone,Wildfire,0.6617907285690308
E:\CUG\Spatial_time_BigdataAnalysis\project\spatial_time_bigdata_analysis\data\Cyclone_Wildfire_Flood_Earthquake_Database\Cyclone\415.jpg,Cyclone,Wildfire,0.9825959205627441
E:\CUG\Spatial_time_BigdataAnalysis\project\spatial_time_bigdata_analysis\data\Cyclone_Wildfire_Flood_Earthquake_Database\Cyclone\419.jpg,Cyclone,Wildfire,0.9998080134391785
E:\CUG\Spatial_time_BigdataAnalysis\project\spatial_time_bigdata_analysis\data\Cyclone_Wildfire_Flood_Earthquake_Database\Cyclone\42.jpg,Cyclone,Wildfire,0.9812591671943665
E:\CUG\Spatial_time_BigdataAnalysis\project\spatial_time_bigdata_analysis\data\Cyclone_Wildfire_Flood_Earthquake_Database\Cyclone\420.jpg,Cyclone,Wildfire,0.7632651925086975
E:\CUG\Spatial_time_BigdataAnalysis\project\spatial_time_bigdata_analysis\data\Cyclone_Wildfire_Flood_Earthquake_Database\Cyclone\427.jpg,Cyclone,Wildfire,0.7513096928596497
E:\CUG\Spatial_time_BigdataAnalysis\project\spatial_time_bigdata_analysis\data\Cyclone_Wildfire_Flood_Earthquake_Database\Cyclone\428.jpg,Cyclone,Wildfire,0.9753109812736511
E:\CUG\Spatial_time_BigdataAnalysis\project\spatial_time_bigdata_analysis\data\Cyclone_Wildfire_Flood_Earthquake_Database\Cyclone\43.jpg,Cyclone,Wildfire,0.7668381333351135
E:\CUG\Spatial_time_BigdataAnalysis\project\spatial_time_bigdata_analysis\data\Cyclone_Wildfire_Flood_Earthquake_Database\Cyclone\433.jpg,Cyclone,Wildfire,0.8376009464263916
E:\CUG\Spatial_time_BigdataAnalysis\project\spatial_time_bigdata_analysis\data\Cyclone_Wildfire_Flood_Earthquake_Database\Cyclone\436.jpg,Cyclone,Wildfire,0.8358792066574097
E:\CUG\Spatial_time_BigdataAnalysis\project\spatial_time_bigdata_analysis\data\Cyclone_Wildfire_Flood_Earthquake_Database\Cyclone\437.jpg,Cyclone,Wildfire,0.506385326385498
E:\CUG\Spatial_time_BigdataAnalysis\project\spatial_time_bigdata_analysis\data\Cyclone_Wildfire_Flood_Earthquake_Database\Cyclone\442.jpg,Cyclone,Wildfire,0.9996567964553833
E:\CUG\Spatial_time_BigdataAnalysis\project\spatial_time_bigdata_analysis\data\Cyclone_Wildfire_Flood_Earthquake_Database\Cyclone\448.jpg,Cyclone,Wildfire,0.8216302394866943
E:\CUG\Spatial_time_BigdataAnalysis\project\spatial_time_bigdata_analysis\data\Cyclone_Wildfire_Flood_Earthquake_Database\Cyclone\450.jpg,Cyclone,Wildfire,0.9964685440063477
E:\CUG\Spatial_time_BigdataAnalysis\project\spatial_time_bigdata_analysis\data\Cyclone_Wildfire_Flood_Earthquake_Database\Cyclone\451.jpg,Cyclone,Earthquake,0.8307393789291382
E:\CUG\Spatial_time_BigdataAnalysis\project\spatial_time_bigdata_analysis\data\Cyclone_Wildfire_Flood_Earthquake_Database\Cyclone\452.jpg,Cyclone,Wildfire,0.8688762784004211
E:\CUG\Spatial_time_BigdataAnalysis\project\spatial_time_bigdata_analysis\data\Cyclone_Wildfire_Flood_Earthquake_Database\Cyclone\453.jpg,Cyclone,Wildfire,0.7915787100791931
E:\CUG\Spatial_time_BigdataAnalysis\project\spatial_time_bigdata_analysis\data\Cyclone_Wildfire_Flood_Earthquake_Database\Cyclone\454.jpg,Cyclone,Earthquake,0.6063168048858643
E:\CUG\Spatial_time_BigdataAnalysis\project\spatial_time_bigdata_analysis\data\Cyclone_Wildfire_Flood_Earthquake_Database\Cyclone\455.jpg,Cyclone,Wildfire,0.9902841448783875
E:\CUG\Spatial_time_BigdataAnalysis\project\spatial_time_bigdata_analysis\data\Cyclone_Wildfire_Flood_Earthquake_Database\Cyclone\457.jpg,Cyclone,Wildfire,0.8735343217849731
E:\CUG\Spatial_time_BigdataAnalysis\project\spatial_time_bigdata_analysis\data\Cyclone_Wildfire_Flood_Earthquake_Database\Cyclone\458.jpg,Cyclone,Wildfire,0.5719089508056641
E:\CUG\Spatial_time_BigdataAnalysis\project\spatial_time_bigdata_analysis\data\Cyclone_Wildfire_Flood_Earthquake_Database\Cyclone\461.jpg,Cyclone,Wildfire,0.9647951126098633
E:\CUG\Spatial_time_BigdataAnalysis\project\spatial_time_bigdata_analysis\data\Cyclone_Wildfire_Flood_Earthquake_Database\Cyclone\463.jpg,Cyclone,Wildfire,0.9649832248687744
E:\CUG\Spatial_time_BigdataAnalysis\project\spatial_time_bigdata_analysis\data\Cyclone_Wildfire_Flood_Earthquake_Database\Cyclone\464.jpg,Cyclone,Wildfire,0.8640846610069275
E:\CUG\Spatial_time_BigdataAnalysis\project\spatial_time_bigdata_analysis\data\Cyclone_Wildfire_Flood_Earthquake_Database\Cyclone\465.jpg,Cyclone,Earthquake,0.6863301396369934
E:\CUG\Spatial_time_BigdataAnalysis\project\spatial_time_bigdata_analysis\data\Cyclone_Wildfire_Flood_Earthquake_Database\Cyclone\466.jpg,Cyclone,Wildfire,0.8570288419723511
E:\CUG\Spatial_time_BigdataAnalysis\project\spatial_time_bigdata_analysis\data\Cyclone_Wildfire_Flood_Earthquake_Database\Cyclone\469.jpg,Cyclone,Wildfire,0.5634494423866272
E:\CUG\Spatial_time_BigdataAnalysis\project\spatial_time_bigdata_analysis\data\Cyclone_Wildfire_Flood_Earthquake_Database\Cyclone\47.jpg,Cyclone,Wildfire,0.8193933367729187
E:\CUG\Spatial_time_BigdataAnalysis\project\spatial_time_bigdata_analysis\data\Cyclone_Wildfire_Flood_Earthquake_Database\Cyclone\470.jpg,Cyclone,Wildfire,0.8787997961044312
E:\CUG\Spatial_time_BigdataAnalysis\project\spatial_time_bigdata_analysis\data\Cyclone_Wildfire_Flood_Earthquake_Database\Cyclone\477.jpg,Cyclone,Wildfire,0.5210732817649841
E:\CUG\Spatial_time_BigdataAnalysis\project\spatial_time_bigdata_analysis\data\Cyclone_Wildfire_Flood_Earthquake_Database\Cyclone\482.jpg,Cyclone,Wildfire,0.9743099808692932
E:\CUG\Spatial_time_BigdataAnalysis\project\spatial_time_bigdata_analysis\data\Cyclone_Wildfire_Flood_Earthquake_Database\Cyclone\485.jpg,Cyclone,Wildfire,0.999029278755188
E:\CUG\Spatial_time_BigdataAnalysis\project\spatial_time_bigdata_analysis\data\Cyclone_Wildfire_Flood_Earthquake_Database\Cyclone\486.jpg,Cyclone,Wildfire,0.6120522618293762
E:\CUG\Spatial_time_BigdataAnalysis\project\spatial_time_bigdata_analysis\data\Cyclone_Wildfire_Flood_Earthquake_Database\Cyclone\487.jpg,Cyclone,Earthquake,0.45649591088294983
E:\CUG\Spatial_time_BigdataAnalysis\project\spatial_time_bigdata_analysis\data\Cyclone_Wildfire_Flood_Earthquake_Database\Cyclone\489.jpg,Cyclone,Wildfire,0.8052705526351929
E:\CUG\Spatial_time_BigdataAnalysis\project\spatial_time_bigdata_analysis\data\Cyclone_Wildfire_Flood_Earthquake_Database\Cyclone\492.jpg,Cyclone,Wildfire,0.914677619934082
E:\CUG\Spatial_time_BigdataAnalysis\project\spatial_time_bigdata_analysis\data\Cyclone_Wildfire_Flood_Earthquake_Database\Cyclone\494.jpg,Cyclone,Wildfire,0.9825959205627441
E:\CUG\Spatial_time_BigdataAnalysis\project\spatial_time_bigdata_analysis\data\Cyclone_Wildfire_Flood_Earthquake_Database\Cyclone\495.jpg,Cyclone,Wildfire,0.9160813093185425
E:\CUG\Spatial_time_BigdataAnalysis\project\spatial_time_bigdata_analysis\data\Cyclone_Wildfire_Flood_Earthquake_Database\Cyclone\498.jpg,Cyclone,Wildfire,0.784501314163208
E:\CUG\Spatial_time_BigdataAnalysis\project\spatial_time_bigdata_analysis\data\Cyclone_Wildfire_Flood_Earthquake_Database\Cyclone\503.jpg,Cyclone,Wildfire,0.5030590891838074
E:\CUG\Spatial_time_BigdataAnalysis\project\spatial_time_bigdata_analysis\data\Cyclone_Wildfire_Flood_Earthquake_Database\Cyclone\504.jpg,Cyclone,Wildfire,0.6339606642723083
E:\CUG\Spatial_time_BigdataAnalysis\project\spatial_time_bigdata_analysis\data\Cyclone_Wildfire_Flood_Earthquake_Database\Cyclone\505.jpg,Cyclone,Wildfire,0.6755457520484924
E:\CUG\Spatial_time_BigdataAnalysis\project\spatial_time_bigdata_analysis\data\Cyclone_Wildfire_Flood_Earthquake_Database\Cyclone\51.jpg,Cyclone,Wildfire,0.5740117430686951
E:\CUG\Spatial_time_BigdataAnalysis\project\spatial_time_bigdata_analysis\data\Cyclone_Wildfire_Flood_Earthquake_Database\Cyclone\510.jpg,Cyclone,Wildfire,0.9860872626304626
E:\CUG\Spatial_time_BigdataAnalysis\project\spatial_time_bigdata_analysis\data\Cyclone_Wildfire_Flood_Earthquake_Database\Cyclone\515.jpg,Cyclone,Wildfire,0.6886017918586731
E:\CUG\Spatial_time_BigdataAnalysis\project\spatial_time_bigdata_analysis\data\Cyclone_Wildfire_Flood_Earthquake_Database\Cyclone\516.jpg,Cyclone,Wildfire,0.9263861179351807
E:\CUG\Spatial_time_BigdataAnalysis\project\spatial_time_bigdata_analysis\data\Cyclone_Wildfire_Flood_Earthquake_Database\Cyclone\519.jpg,Cyclone,Wildfire,0.7351592183113098
E:\CUG\Spatial_time_BigdataAnalysis\project\spatial_time_bigdata_analysis\data\Cyclone_Wildfire_Flood_Earthquake_Database\Cyclone\527.jpg,Cyclone,Wildfire,0.6492698192596436
E:\CUG\Spatial_time_BigdataAnalysis\project\spatial_time_bigdata_analysis\data\Cyclone_Wildfire_Flood_Earthquake_Database\Cyclone\54.jpg,Cyclone,Wildfire,0.8172426819801331
E:\CUG\Spatial_time_BigdataAnalysis\project\spatial_time_bigdata_analysis\data\Cyclone_Wildfire_Flood_Earthquake_Database\Cyclone\543.jpg,Cyclone,Wildfire,0.840118944644928
E:\CUG\Spatial_time_BigdataAnalysis\project\spatial_time_bigdata_analysis\data\Cyclone_Wildfire_Flood_Earthquake_Database\Cyclone\544.jpg,Cyclone,Wildfire,0.901326596736908
E:\CUG\Spatial_time_BigdataAnalysis\project\spatial_time_bigdata_analysis\data\Cyclone_Wildfire_Flood_Earthquake_Database\Cyclone\545.jpg,Cyclone,Wildfire,0.9791939854621887
E:\CUG\Spatial_time_BigdataAnalysis\project\spatial_time_bigdata_analysis\data\Cyclone_Wildfire_Flood_Earthquake_Database\Cyclone\546.jpg,Cyclone,Wildfire,0.6742515563964844
E:\CUG\Spatial_time_BigdataAnalysis\project\spatial_time_bigdata_analysis\data\Cyclone_Wildfire_Flood_Earthquake_Database\Cyclone\552.jpg,Cyclone,Wildfire,0.94312983751297
E:\CUG\Spatial_time_BigdataAnalysis\project\spatial_time_bigdata_analysis\data\Cyclone_Wildfire_Flood_Earthquake_Database\Cyclone\557.jpg,Cyclone,Wildfire,0.8944535255432129
E:\CUG\Spatial_time_BigdataAnalysis\project\spatial_time_bigdata_analysis\data\Cyclone_Wildfire_Flood_Earthquake_Database\Cyclone\561.jpg,Cyclone,Earthquake,0.8735683560371399
E:\CUG\Spatial_time_BigdataAnalysis\project\spatial_time_bigdata_analysis\data\Cyclone_Wildfire_Flood_Earthquake_Database\Cyclone\562.jpg,Cyclone,Wildfire,0.5110045671463013
E:\CUG\Spatial_time_BigdataAnalysis\project\spatial_time_bigdata_analysis\data\Cyclone_Wildfire_Flood_Earthquake_Database\Cyclone\563.jpg,Cyclone,Wildfire,0.5025891065597534
E:\CUG\Spatial_time_BigdataAnalysis\project\spatial_time_bigdata_analysis\data\Cyclone_Wildfire_Flood_Earthquake_Database\Cyclone\564.jpg,Cyclone,Wildfire,0.8905349969863892
E:\CUG\Spatial_time_BigdataAnalysis\project\spatial_time_bigdata_analysis\data\Cyclone_Wildfire_Flood_Earthquake_Database\Cyclone\565.jpg,Cyclone,Wildfire,0.9900277256965637
E:\CUG\Spatial_time_BigdataAnalysis\project\spatial_time_bigdata_analysis\data\Cyclone_Wildfire_Flood_Earthquake_Database\Cyclone\569.jpg,Cyclone,Wildfire,0.9981645941734314
E:\CUG\Spatial_time_BigdataAnalysis\project\spatial_time_bigdata_analysis\data\Cyclone_Wildfire_Flood_Earthquake_Database\Cyclone\570.jpg,Cyclone,Wildfire,0.9744048118591309
E:\CUG\Spatial_time_BigdataAnalysis\project\spatial_time_bigdata_analysis\data\Cyclone_Wildfire_Flood_Earthquake_Database\Cyclone\572.jpg,Cyclone,Wildfire,0.6229856014251709
E:\CUG\Spatial_time_BigdataAnalysis\project\spatial_time_bigdata_analysis\data\Cyclone_Wildfire_Flood_Earthquake_Database\Cyclone\574.jpg,Cyclone,Earthquake,0.6241260170936584
E:\CUG\Spatial_time_BigdataAnalysis\project\spatial_time_bigdata_analysis\data\Cyclone_Wildfire_Flood_Earthquake_Database\Cyclone\579.jpg,Cyclone,Wildfire,0.9369684457778931
E:\CUG\Spatial_time_BigdataAnalysis\project\spatial_time_bigdata_analysis\data\Cyclone_Wildfire_Flood_Earthquake_Database\Cyclone\580.jpg,Cyclone,Wildfire,0.5155710577964783
E:\CUG\Spatial_time_BigdataAnalysis\project\spatial_time_bigdata_analysis\data\Cyclone_Wildfire_Flood_Earthquake_Database\Cyclone\582.jpg,Cyclone,Wildfire,0.9273791313171387
E:\CUG\Spatial_time_BigdataAnalysis\project\spatial_time_bigdata_analysis\data\Cyclone_Wildfire_Flood_Earthquake_Database\Cyclone\586.jpg,Cyclone,Wildfire,0.5736176371574402
E:\CUG\Spatial_time_BigdataAnalysis\project\spatial_time_bigdata_analysis\data\Cyclone_Wildfire_Flood_Earthquake_Database\Cyclone\59.jpg,Cyclone,Wildfire,0.9664245843887329
E:\CUG\Spatial_time_BigdataAnalysis\project\spatial_time_bigdata_analysis\data\Cyclone_Wildfire_Flood_Earthquake_Database\Cyclone\591.jpg,Cyclone,Earthquake,0.8943427801132202
E:\CUG\Spatial_time_BigdataAnalysis\project\spatial_time_bigdata_analysis\data\Cyclone_Wildfire_Flood_Earthquake_Database\Cyclone\592.jpg,Cyclone,Wildfire,0.6515399217605591
E:\CUG\Spatial_time_BigdataAnalysis\project\spatial_time_bigdata_analysis\data\Cyclone_Wildfire_Flood_Earthquake_Database\Cyclone\593.jpg,Cyclone,Earthquake,0.4743424654006958
E:\CUG\Spatial_time_BigdataAnalysis\project\spatial_time_bigdata_analysis\data\Cyclone_Wildfire_Flood_Earthquake_Database\Cyclone\594.jpg,Cyclone,Wildfire,0.9997044205665588
E:\CUG\Spatial_time_BigdataAnalysis\project\spatial_time_bigdata_analysis\data\Cyclone_Wildfire_Flood_Earthquake_Database\Cyclone\60.jpg,Cyclone,Wildfire,0.8532570600509644
E:\CUG\Spatial_time_BigdataAnalysis\project\spatial_time_bigdata_analysis\data\Cyclone_Wildfire_Flood_Earthquake_Database\Cyclone\602.jpg,Cyclone,Earthquake,0.40327519178390503
E:\CUG\Spatial_time_BigdataAnalysis\project\spatial_time_bigdata_analysis\data\Cyclone_Wildfire_Flood_Earthquake_Database\Cyclone\606.jpg,Cyclone,Wildfire,0.5954663157463074
E:\CUG\Spatial_time_BigdataAnalysis\project\spatial_time_bigdata_analysis\data\Cyclone_Wildfire_Flood_Earthquake_Database\Cyclone\607.jpg,Cyclone,Wildfire,0.599051833152771
E:\CUG\Spatial_time_BigdataAnalysis\project\spatial_time_bigdata_analysis\data\Cyclone_Wildfire_Flood_Earthquake_Database\Cyclone\608.jpg,Cyclone,Wildfire,0.8085324168205261
E:\CUG\Spatial_time_BigdataAnalysis\project\spatial_time_bigdata_analysis\data\Cyclone_Wildfire_Flood_Earthquake_Database\Cyclone\611.jpg,Cyclone,Wildfire,0.5985046029090881
E:\CUG\Spatial_time_BigdataAnalysis\project\spatial_time_bigdata_analysis\data\Cyclone_Wildfire_Flood_Earthquake_Database\Cyclone\618.jpg,Cyclone,Wildfire,0.9559639096260071
E:\CUG\Spatial_time_BigdataAnalysis\project\spatial_time_bigdata_analysis\data\Cyclone_Wildfire_Flood_Earthquake_Database\Cyclone\619.jpg,Cyclone,Wildfire,0.9854517579078674
E:\CUG\Spatial_time_BigdataAnalysis\project\spatial_time_bigdata_analysis\data\Cyclone_Wildfire_Flood_Earthquake_Database\Cyclone\622.jpg,Cyclone,Earthquake,0.9577308297157288
E:\CUG\Spatial_time_BigdataAnalysis\project\spatial_time_bigdata_analysis\data\Cyclone_Wildfire_Flood_Earthquake_Database\Cyclone\624.jpg,Cyclone,Wildfire,0.5863028764724731
E:\CUG\Spatial_time_BigdataAnalysis\project\spatial_time_bigdata_analysis\data\Cyclone_Wildfire_Flood_Earthquake_Database\Cyclone\627.jpg,Cyclone,Wildfire,0.5194462537765503
E:\CUG\Spatial_time_BigdataAnalysis\project\spatial_time_bigdata_analysis\data\Cyclone_Wildfire_Flood_Earthquake_Database\Cyclone\628.jpg,Cyclone,Wildfire,0.9309223294258118
E:\CUG\Spatial_time_BigdataAnalysis\project\spatial_time_bigdata_analysis\data\Cyclone_Wildfire_Flood_Earthquake_Database\Cyclone\629.jpg,Cyclone,Wildfire,0.9200103282928467
E:\CUG\Spatial_time_BigdataAnalysis\project\spatial_time_bigdata_analysis\data\Cyclone_Wildfire_Flood_Earthquake_Database\Cyclone\631.jpg,Cyclone,Wildfire,0.5441754460334778
E:\CUG\Spatial_time_BigdataAnalysis\project\spatial_time_bigdata_analysis\data\Cyclone_Wildfire_Flood_Earthquake_Database\Cyclone\634.jpg,Cyclone,Wildfire,0.8213394284248352
E:\CUG\Spatial_time_BigdataAnalysis\project\spatial_time_bigdata_analysis\data\Cyclone_Wildfire_Flood_Earthquake_Database\Cyclone\637.jpg,Cyclone,Wildfire,0.5754441618919373
E:\CUG\Spatial_time_BigdataAnalysis\project\spatial_time_bigdata_analysis\data\Cyclone_Wildfire_Flood_Earthquake_Database\Cyclone\638.jpg,Cyclone,Wildfire,0.8916898369789124
E:\CUG\Spatial_time_BigdataAnalysis\project\spatial_time_bigdata_analysis\data\Cyclone_Wildfire_Flood_Earthquake_Database\Cyclone\642.jpg,Cyclone,Wildfire,0.7921276688575745
E:\CUG\Spatial_time_BigdataAnalysis\project\spatial_time_bigdata_analysis\data\Cyclone_Wildfire_Flood_Earthquake_Database\Cyclone\644.jpg,Cyclone,Wildfire,0.8799052834510803
E:\CUG\Spatial_time_BigdataAnalysis\project\spatial_time_bigdata_analysis\data\Cyclone_Wildfire_Flood_Earthquake_Database\Cyclone\645.jpg,Cyclone,Wildfire,0.5751104950904846
E:\CUG\Spatial_time_BigdataAnalysis\project\spatial_time_bigdata_analysis\data\Cyclone_Wildfire_Flood_Earthquake_Database\Cyclone\651.jpg,Cyclone,Wildfire,0.9999527931213379
E:\CUG\Spatial_time_BigdataAnalysis\project\spatial_time_bigdata_analysis\data\Cyclone_Wildfire_Flood_Earthquake_Database\Cyclone\652.jpg,Cyclone,Wildfire,0.6522553563117981
E:\CUG\Spatial_time_BigdataAnalysis\project\spatial_time_bigdata_analysis\data\Cyclone_Wildfire_Flood_Earthquake_Database\Cyclone\654.jpg,Cyclone,Wildfire,0.9654220342636108
E:\CUG\Spatial_time_BigdataAnalysis\project\spatial_time_bigdata_analysis\data\Cyclone_Wildfire_Flood_Earthquake_Database\Cyclone\655.jpg,Cyclone,Wildfire,0.6013591289520264
E:\CUG\Spatial_time_BigdataAnalysis\project\spatial_time_bigdata_analysis\data\Cyclone_Wildfire_Flood_Earthquake_Database\Cyclone\658.jpg,Cyclone,Wildfire,0.7140317559242249
E:\CUG\Spatial_time_BigdataAnalysis\project\spatial_time_bigdata_analysis\data\Cyclone_Wildfire_Flood_Earthquake_Database\Cyclone\660.jpg,Cyclone,Wildfire,0.9594205021858215
E:\CUG\Spatial_time_BigdataAnalysis\project\spatial_time_bigdata_analysis\data\Cyclone_Wildfire_Flood_Earthquake_Database\Cyclone\664.jpg,Cyclone,Wildfire,0.9495669007301331
E:\CUG\Spatial_time_BigdataAnalysis\project\spatial_time_bigdata_analysis\data\Cyclone_Wildfire_Flood_Earthquake_Database\Cyclone\666.jpg,Cyclone,Wildfire,0.516511082649231
E:\CUG\Spatial_time_BigdataAnalysis\project\spatial_time_bigdata_analysis\data\Cyclone_Wildfire_Flood_Earthquake_Database\Cyclone\667.jpg,Cyclone,Wildfire,0.9639598727226257
E:\CUG\Spatial_time_BigdataAnalysis\project\spatial_time_bigdata_analysis\data\Cyclone_Wildfire_Flood_Earthquake_Database\Cyclone\675.jpg,Cyclone,Wildfire,0.41269099712371826
E:\CUG\Spatial_time_BigdataAnalysis\project\spatial_time_bigdata_analysis\data\Cyclone_Wildfire_Flood_Earthquake_Database\Cyclone\677.jpg,Cyclone,Wildfire,0.6432604193687439
E:\CUG\Spatial_time_BigdataAnalysis\project\spatial_time_bigdata_analysis\data\Cyclone_Wildfire_Flood_Earthquake_Database\Cyclone\678.jpg,Cyclone,Earthquake,0.921220064163208
E:\CUG\Spatial_time_BigdataAnalysis\project\spatial_time_bigdata_analysis\data\Cyclone_Wildfire_Flood_Earthquake_Database\Cyclone\68.jpg,Cyclone,Wildfire,0.5766457915306091
E:\CUG\Spatial_time_BigdataAnalysis\project\spatial_time_bigdata_analysis\data\Cyclone_Wildfire_Flood_Earthquake_Database\Cyclone\684.jpg,Cyclone,Wildfire,0.4608173668384552
E:\CUG\Spatial_time_BigdataAnalysis\project\spatial_time_bigdata_analysis\data\Cyclone_Wildfire_Flood_Earthquake_Database\Cyclone\685.jpg,Cyclone,Wildfire,0.8480591177940369
E:\CUG\Spatial_time_BigdataAnalysis\project\spatial_time_bigdata_analysis\data\Cyclone_Wildfire_Flood_Earthquake_Database\Cyclone\687.jpg,Cyclone,Wildfire,0.587872326374054
E:\CUG\Spatial_time_BigdataAnalysis\project\spatial_time_bigdata_analysis\data\Cyclone_Wildfire_Flood_Earthquake_Database\Cyclone\688.jpg,Cyclone,Earthquake,0.6466283798217773
E:\CUG\Spatial_time_BigdataAnalysis\project\spatial_time_bigdata_analysis\data\Cyclone_Wildfire_Flood_Earthquake_Database\Cyclone\690.jpg,Cyclone,Wildfire,0.8474470376968384
E:\CUG\Spatial_time_BigdataAnalysis\project\spatial_time_bigdata_analysis\data\Cyclone_Wildfire_Flood_Earthquake_Database\Cyclone\697.jpg,Cyclone,Wildfire,0.5340780019760132
E:\CUG\Spatial_time_BigdataAnalysis\project\spatial_time_bigdata_analysis\data\Cyclone_Wildfire_Flood_Earthquake_Database\Cyclone\698.jpg,Cyclone,Wildfire,0.9995070695877075
E:\CUG\Spatial_time_BigdataAnalysis\project\spatial_time_bigdata_analysis\data\Cyclone_Wildfire_Flood_Earthquake_Database\Cyclone\7.jpg,Cyclone,Wildfire,0.61171555519104
E:\CUG\Spatial_time_BigdataAnalysis\project\spatial_time_bigdata_analysis\data\Cyclone_Wildfire_Flood_Earthquake_Database\Cyclone\70.jpg,Cyclone,Wildfire,0.9522750377655029
E:\CUG\Spatial_time_BigdataAnalysis\project\spatial_time_bigdata_analysis\data\Cyclone_Wildfire_Flood_Earthquake_Database\Cyclone\702.jpg,Cyclone,Wildfire,0.9755526185035706
E:\CUG\Spatial_time_BigdataAnalysis\project\spatial_time_bigdata_analysis\data\Cyclone_Wildfire_Flood_Earthquake_Database\Cyclone\705.jpg,Cyclone,Wildfire,0.5645337700843811
E:\CUG\Spatial_time_BigdataAnalysis\project\spatial_time_bigdata_analysis\data\Cyclone_Wildfire_Flood_Earthquake_Database\Cyclone\711.jpg,Cyclone,Wildfire,0.8151581287384033
E:\CUG\Spatial_time_BigdataAnalysis\project\spatial_time_bigdata_analysis\data\Cyclone_Wildfire_Flood_Earthquake_Database\Cyclone\713.jpg,Cyclone,Wildfire,0.9497990608215332
E:\CUG\Spatial_time_BigdataAnalysis\project\spatial_time_bigdata_analysis\data\Cyclone_Wildfire_Flood_Earthquake_Database\Cyclone\714.jpg,Cyclone,Wildfire,0.582150399684906
E:\CUG\Spatial_time_BigdataAnalysis\project\spatial_time_bigdata_analysis\data\Cyclone_Wildfire_Flood_Earthquake_Database\Cyclone\715.jpg,Cyclone,Wildfire,0.9993231296539307
E:\CUG\Spatial_time_BigdataAnalysis\project\spatial_time_bigdata_analysis\data\Cyclone_Wildfire_Flood_Earthquake_Database\Cyclone\716.jpg,Cyclone,Earthquake,0.5894895792007446
E:\CUG\Spatial_time_BigdataAnalysis\project\spatial_time_bigdata_analysis\data\Cyclone_Wildfire_Flood_Earthquake_Database\Cyclone\718.jpg,Cyclone,Wildfire,0.5228264927864075
E:\CUG\Spatial_time_BigdataAnalysis\project\spatial_time_bigdata_analysis\data\Cyclone_Wildfire_Flood_Earthquake_Database\Cyclone\719.jpg,Cyclone,Wildfire,0.7453126311302185
E:\CUG\Spatial_time_BigdataAnalysis\project\spatial_time_bigdata_analysis\data\Cyclone_Wildfire_Flood_Earthquake_Database\Cyclone\720.jpg,Cyclone,Wildfire,0.6160127520561218
E:\CUG\Spatial_time_BigdataAnalysis\project\spatial_time_bigdata_analysis\data\Cyclone_Wildfire_Flood_Earthquake_Database\Cyclone\721.jpg,Cyclone,Wildfire,0.998503565788269
E:\CUG\Spatial_time_BigdataAnalysis\project\spatial_time_bigdata_analysis\data\Cyclone_Wildfire_Flood_Earthquake_Database\Cyclone\722.jpg,Cyclone,Wildfire,0.465562105178833
E:\CUG\Spatial_time_BigdataAnalysis\project\spatial_time_bigdata_analysis\data\Cyclone_Wildfire_Flood_Earthquake_Database\Cyclone\725.jpg,Cyclone,Wildfire,0.7593969702720642
E:\CUG\Spatial_time_BigdataAnalysis\project\spatial_time_bigdata_analysis\data\Cyclone_Wildfire_Flood_Earthquake_Database\Cyclone\726.jpg,Cyclone,Wildfire,0.6321461796760559
E:\CUG\Spatial_time_BigdataAnalysis\project\spatial_time_bigdata_analysis\data\Cyclone_Wildfire_Flood_Earthquake_Database\Cyclone\728.jpg,Cyclone,Wildfire,0.984936535358429
E:\CUG\Spatial_time_BigdataAnalysis\project\spatial_time_bigdata_analysis\data\Cyclone_Wildfire_Flood_Earthquake_Database\Cyclone\734.jpg,Cyclone,Wildfire,0.8256092667579651
E:\CUG\Spatial_time_BigdataAnalysis\project\spatial_time_bigdata_analysis\data\Cyclone_Wildfire_Flood_Earthquake_Database\Cyclone\735.jpg,Cyclone,Wildfire,0.9026222229003906
E:\CUG\Spatial_time_BigdataAnalysis\project\spatial_time_bigdata_analysis\data\Cyclone_Wildfire_Flood_Earthquake_Database\Cyclone\737.jpg,Cyclone,Wildfire,0.9790134429931641
E:\CUG\Spatial_time_BigdataAnalysis\project\spatial_time_bigdata_analysis\data\Cyclone_Wildfire_Flood_Earthquake_Database\Cyclone\738.jpg,Cyclone,Wildfire,0.9707947969436646
E:\CUG\Spatial_time_BigdataAnalysis\project\spatial_time_bigdata_analysis\data\Cyclone_Wildfire_Flood_Earthquake_Database\Cyclone\739.jpg,Cyclone,Wildfire,0.9874639511108398
E:\CUG\Spatial_time_BigdataAnalysis\project\spatial_time_bigdata_analysis\data\Cyclone_Wildfire_Flood_Earthquake_Database\Cyclone\740.jpg,Cyclone,Earthquake,0.8243395090103149
E:\CUG\Spatial_time_BigdataAnalysis\project\spatial_time_bigdata_analysis\data\Cyclone_Wildfire_Flood_Earthquake_Database\Cyclone\742.jpg,Cyclone,Wildfire,0.7622175216674805
E:\CUG\Spatial_time_BigdataAnalysis\project\spatial_time_bigdata_analysis\data\Cyclone_Wildfire_Flood_Earthquake_Database\Cyclone\743.jpg,Cyclone,Wildfire,0.7971888780593872
E:\CUG\Spatial_time_BigdataAnalysis\project\spatial_time_bigdata_analysis\data\Cyclone_Wildfire_Flood_Earthquake_Database\Cyclone\744.jpg,Cyclone,Wildfire,0.9443181753158569
E:\CUG\Spatial_time_BigdataAnalysis\project\spatial_time_bigdata_analysis\data\Cyclone_Wildfire_Flood_Earthquake_Database\Cyclone\745.jpg,Cyclone,Wildfire,0.9654220342636108
E:\CUG\Spatial_time_BigdataAnalysis\project\spatial_time_bigdata_analysis\data\Cyclone_Wildfire_Flood_Earthquake_Database\Cyclone\746.jpg,Cyclone,Wildfire,0.8758496642112732
E:\CUG\Spatial_time_BigdataAnalysis\project\spatial_time_bigdata_analysis\data\Cyclone_Wildfire_Flood_Earthquake_Database\Cyclone\748.jpg,Cyclone,Wildfire,0.7608687281608582
E:\CUG\Spatial_time_BigdataAnalysis\project\spatial_time_bigdata_analysis\data\Cyclone_Wildfire_Flood_Earthquake_Database\Cyclone\749.jpg,Cyclone,Wildfire,0.9989461302757263
E:\CUG\Spatial_time_BigdataAnalysis\project\spatial_time_bigdata_analysis\data\Cyclone_Wildfire_Flood_Earthquake_Database\Cyclone\750.jpg,Cyclone,Wildfire,0.6302796006202698
E:\CUG\Spatial_time_BigdataAnalysis\project\spatial_time_bigdata_analysis\data\Cyclone_Wildfire_Flood_Earthquake_Database\Cyclone\751.jpg,Cyclone,Wildfire,0.6137033700942993
E:\CUG\Spatial_time_BigdataAnalysis\project\spatial_time_bigdata_analysis\data\Cyclone_Wildfire_Flood_Earthquake_Database\Cyclone\755.jpg,Cyclone,Wildfire,0.581646740436554
E:\CUG\Spatial_time_BigdataAnalysis\project\spatial_time_bigdata_analysis\data\Cyclone_Wildfire_Flood_Earthquake_Database\Cyclone\756.jpg,Cyclone,Wildfire,0.4681095778942108
E:\CUG\Spatial_time_BigdataAnalysis\project\spatial_time_bigdata_analysis\data\Cyclone_Wildfire_Flood_Earthquake_Database\Cyclone\757.jpg,Cyclone,Wildfire,0.9328951239585876
E:\CUG\Spatial_time_BigdataAnalysis\project\spatial_time_bigdata_analysis\data\Cyclone_Wildfire_Flood_Earthquake_Database\Cyclone\758.jpg,Cyclone,Wildfire,0.5244695544242859
E:\CUG\Spatial_time_BigdataAnalysis\project\spatial_time_bigdata_analysis\data\Cyclone_Wildfire_Flood_Earthquake_Database\Cyclone\760.jpg,Cyclone,Earthquake,0.8938195109367371
E:\CUG\Spatial_time_BigdataAnalysis\project\spatial_time_bigdata_analysis\data\Cyclone_Wildfire_Flood_Earthquake_Database\Cyclone\762.jpg,Cyclone,Wildfire,0.9982947707176208
E:\CUG\Spatial_time_BigdataAnalysis\project\spatial_time_bigdata_analysis\data\Cyclone_Wildfire_Flood_Earthquake_Database\Cyclone\763.jpg,Cyclone,Wildfire,0.9453546404838562
E:\CUG\Spatial_time_BigdataAnalysis\project\spatial_time_bigdata_analysis\data\Cyclone_Wildfire_Flood_Earthquake_Database\Cyclone\767.jpg,Cyclone,Earthquake,0.8775616884231567
E:\CUG\Spatial_time_BigdataAnalysis\project\spatial_time_bigdata_analysis\data\Cyclone_Wildfire_Flood_Earthquake_Database\Cyclone\769.jpg,Cyclone,Wildfire,0.7283431887626648
E:\CUG\Spatial_time_BigdataAnalysis\project\spatial_time_bigdata_analysis\data\Cyclone_Wildfire_Flood_Earthquake_Database\Cyclone\77.jpg,Cyclone,Wildfire,0.8732084631919861
E:\CUG\Spatial_time_BigdataAnalysis\project\spatial_time_bigdata_analysis\data\Cyclone_Wildfire_Flood_Earthquake_Database\Cyclone\776.jpg,Cyclone,Wildfire,0.776768684387207
E:\CUG\Spatial_time_BigdataAnalysis\project\spatial_time_bigdata_analysis\data\Cyclone_Wildfire_Flood_Earthquake_Database\Cyclone\777.jpg,Cyclone,Wildfire,0.9450955986976624
E:\CUG\Spatial_time_BigdataAnalysis\project\spatial_time_bigdata_analysis\data\Cyclone_Wildfire_Flood_Earthquake_Database\Cyclone\778.jpg,Cyclone,Wildfire,0.9671050310134888
E:\CUG\Spatial_time_BigdataAnalysis\project\spatial_time_bigdata_analysis\data\Cyclone_Wildfire_Flood_Earthquake_Database\Cyclone\781.jpg,Cyclone,Wildfire,0.9441125392913818
E:\CUG\Spatial_time_BigdataAnalysis\project\spatial_time_bigdata_analysis\data\Cyclone_Wildfire_Flood_Earthquake_Database\Cyclone\783.jpg,Cyclone,Wildfire,0.8999715447425842
E:\CUG\Spatial_time_BigdataAnalysis\project\spatial_time_bigdata_analysis\data\Cyclone_Wildfire_Flood_Earthquake_Database\Cyclone\784.jpg,Cyclone,Wildfire,0.5025891065597534
E:\CUG\Spatial_time_BigdataAnalysis\project\spatial_time_bigdata_analysis\data\Cyclone_Wildfire_Flood_Earthquake_Database\Cyclone\785.jpg,Cyclone,Wildfire,0.8126071095466614
E:\CUG\Spatial_time_BigdataAnalysis\project\spatial_time_bigdata_analysis\data\Cyclone_Wildfire_Flood_Earthquake_Database\Cyclone\787.jpg,Cyclone,Wildfire,0.8076061010360718
E:\CUG\Spatial_time_BigdataAnalysis\project\spatial_time_bigdata_analysis\data\Cyclone_Wildfire_Flood_Earthquake_Database\Cyclone\788.jpg,Cyclone,Wildfire,0.7299944162368774
E:\CUG\Spatial_time_BigdataAnalysis\project\spatial_time_bigdata_analysis\data\Cyclone_Wildfire_Flood_Earthquake_Database\Cyclone\790.jpg,Cyclone,Wildfire,0.9999887943267822
E:\CUG\Spatial_time_BigdataAnalysis\project\spatial_time_bigdata_analysis\data\Cyclone_Wildfire_Flood_Earthquake_Database\Cyclone\793.jpg,Cyclone,Wildfire,0.8376384973526001
E:\CUG\Spatial_time_BigdataAnalysis\project\spatial_time_bigdata_analysis\data\Cyclone_Wildfire_Flood_Earthquake_Database\Cyclone\797.jpg,Cyclone,Wildfire,0.954954981803894
E:\CUG\Spatial_time_BigdataAnalysis\project\spatial_time_bigdata_analysis\data\Cyclone_Wildfire_Flood_Earthquake_Database\Cyclone\799.jpg,Cyclone,Wildfire,0.9671448469161987
E:\CUG\Spatial_time_BigdataAnalysis\project\spatial_time_bigdata_analysis\data\Cyclone_Wildfire_Flood_Earthquake_Database\Cyclone\806.jpg,Cyclone,Wildfire,0.6011160612106323
E:\CUG\Spatial_time_BigdataAnalysis\project\spatial_time_bigdata_analysis\data\Cyclone_Wildfire_Flood_Earthquake_Database\Cyclone\807.jpg,Cyclone,Wildfire,0.9476096034049988
E:\CUG\Spatial_time_BigdataAnalysis\project\spatial_time_bigdata_analysis\data\Cyclone_Wildfire_Flood_Earthquake_Database\Cyclone\808.jpg,Cyclone,Wildfire,0.5400558710098267
E:\CUG\Spatial_time_BigdataAnalysis\project\spatial_time_bigdata_analysis\data\Cyclone_Wildfire_Flood_Earthquake_Database\Cyclone\809.jpg,Cyclone,Wildfire,0.6435813307762146
E:\CUG\Spatial_time_BigdataAnalysis\project\spatial_time_bigdata_analysis\data\Cyclone_Wildfire_Flood_Earthquake_Database\Cyclone\81.jpg,Cyclone,Wildfire,0.9872688055038452
E:\CUG\Spatial_time_BigdataAnalysis\project\spatial_time_bigdata_analysis\data\Cyclone_Wildfire_Flood_Earthquake_Database\Cyclone\810.jpg,Cyclone,Wildfire,0.5964910984039307
E:\CUG\Spatial_time_BigdataAnalysis\project\spatial_time_bigdata_analysis\data\Cyclone_Wildfire_Flood_Earthquake_Database\Cyclone\812.jpg,Cyclone,Wildfire,0.6201437711715698
E:\CUG\Spatial_time_BigdataAnalysis\project\spatial_time_bigdata_analysis\data\Cyclone_Wildfire_Flood_Earthquake_Database\Cyclone\814.jpg,Cyclone,Wildfire,0.9759554862976074
E:\CUG\Spatial_time_BigdataAnalysis\project\spatial_time_bigdata_analysis\data\Cyclone_Wildfire_Flood_Earthquake_Database\Cyclone\817.jpg,Cyclone,Earthquake,0.4028294086456299
E:\CUG\Spatial_time_BigdataAnalysis\project\spatial_time_bigdata_analysis\data\Cyclone_Wildfire_Flood_Earthquake_Database\Cyclone\818.jpg,Cyclone,Wildfire,0.7516000270843506
E:\CUG\Spatial_time_BigdataAnalysis\project\spatial_time_bigdata_analysis\data\Cyclone_Wildfire_Flood_Earthquake_Database\Cyclone\819.jpg,Cyclone,Wildfire,0.5276914834976196
E:\CUG\Spatial_time_BigdataAnalysis\project\spatial_time_bigdata_analysis\data\Cyclone_Wildfire_Flood_Earthquake_Database\Cyclone\830.jpg,Cyclone,Wildfire,0.968411386013031
E:\CUG\Spatial_time_BigdataAnalysis\project\spatial_time_bigdata_analysis\data\Cyclone_Wildfire_Flood_Earthquake_Database\Cyclone\831.jpg,Cyclone,Wildfire,0.8382580876350403
E:\CUG\Spatial_time_BigdataAnalysis\project\spatial_time_bigdata_analysis\data\Cyclone_Wildfire_Flood_Earthquake_Database\Cyclone\832.jpg,Cyclone,Earthquake,0.8146266341209412
E:\CUG\Spatial_time_BigdataAnalysis\project\spatial_time_bigdata_analysis\data\Cyclone_Wildfire_Flood_Earthquake_Database\Cyclone\833.jpg,Cyclone,Wildfire,0.8018507361412048
E:\CUG\Spatial_time_BigdataAnalysis\project\spatial_time_bigdata_analysis\data\Cyclone_Wildfire_Flood_Earthquake_Database\Cyclone\834.jpg,Cyclone,Wildfire,0.9369404911994934
E:\CUG\Spatial_time_BigdataAnalysis\project\spatial_time_bigdata_analysis\data\Cyclone_Wildfire_Flood_Earthquake_Database\Cyclone\835.jpg,Cyclone,Wildfire,0.9587252140045166
E:\CUG\Spatial_time_BigdataAnalysis\project\spatial_time_bigdata_analysis\data\Cyclone_Wildfire_Flood_Earthquake_Database\Cyclone\836.jpg,Cyclone,Wildfire,0.959864616394043
E:\CUG\Spatial_time_BigdataAnalysis\project\spatial_time_bigdata_analysis\data\Cyclone_Wildfire_Flood_Earthquake_Database\Cyclone\839.jpg,Cyclone,Wildfire,0.8262511491775513
E:\CUG\Spatial_time_BigdataAnalysis\project\spatial_time_bigdata_analysis\data\Cyclone_Wildfire_Flood_Earthquake_Database\Cyclone\842.jpg,Cyclone,Wildfire,0.9160813093185425
E:\CUG\Spatial_time_BigdataAnalysis\project\spatial_time_bigdata_analysis\data\Cyclone_Wildfire_Flood_Earthquake_Database\Cyclone\844.jpg,Cyclone,Wildfire,0.9704716205596924
E:\CUG\Spatial_time_BigdataAnalysis\project\spatial_time_bigdata_analysis\data\Cyclone_Wildfire_Flood_Earthquake_Database\Cyclone\845.jpg,Cyclone,Wildfire,0.6816673278808594
E:\CUG\Spatial_time_BigdataAnalysis\project\spatial_time_bigdata_analysis\data\Cyclone_Wildfire_Flood_Earthquake_Database\Cyclone\847.jpg,Cyclone,Wildfire,0.9932535290718079
E:\CUG\Spatial_time_BigdataAnalysis\project\spatial_time_bigdata_analysis\data\Cyclone_Wildfire_Flood_Earthquake_Database\Cyclone\848.jpg,Cyclone,Wildfire,0.8963052034378052
E:\CUG\Spatial_time_BigdataAnalysis\project\spatial_time_bigdata_analysis\data\Cyclone_Wildfire_Flood_Earthquake_Database\Cyclone\85.jpg,Cyclone,Wildfire,0.9361069798469543
E:\CUG\Spatial_time_BigdataAnalysis\project\spatial_time_bigdata_analysis\data\Cyclone_Wildfire_Flood_Earthquake_Database\Cyclone\851.jpg,Cyclone,Wildfire,0.8178542852401733
E:\CUG\Spatial_time_BigdataAnalysis\project\spatial_time_bigdata_analysis\data\Cyclone_Wildfire_Flood_Earthquake_Database\Cyclone\854.jpg,Cyclone,Wildfire,0.7296029329299927
E:\CUG\Spatial_time_BigdataAnalysis\project\spatial_time_bigdata_analysis\data\Cyclone_Wildfire_Flood_Earthquake_Database\Cyclone\856.jpg,Cyclone,Wildfire,0.802558958530426
E:\CUG\Spatial_time_BigdataAnalysis\project\spatial_time_bigdata_analysis\data\Cyclone_Wildfire_Flood_Earthquake_Database\Cyclone\857.jpg,Cyclone,Wildfire,0.49644219875335693
E:\CUG\Spatial_time_BigdataAnalysis\project\spatial_time_bigdata_analysis\data\Cyclone_Wildfire_Flood_Earthquake_Database\Cyclone\859.jpg,Cyclone,Wildfire,0.6299560070037842
E:\CUG\Spatial_time_BigdataAnalysis\project\spatial_time_bigdata_analysis\data\Cyclone_Wildfire_Flood_Earthquake_Database\Cyclone\86.jpg,Cyclone,Wildfire,0.6265936493873596
E:\CUG\Spatial_time_BigdataAnalysis\project\spatial_time_bigdata_analysis\data\Cyclone_Wildfire_Flood_Earthquake_Database\Cyclone\863.jpg,Cyclone,Wildfire,0.7589641213417053
E:\CUG\Spatial_time_BigdataAnalysis\project\spatial_time_bigdata_analysis\data\Cyclone_Wildfire_Flood_Earthquake_Database\Cyclone\864.jpg,Cyclone,Wildfire,0.921310544013977
E:\CUG\Spatial_time_BigdataAnalysis\project\spatial_time_bigdata_analysis\data\Cyclone_Wildfire_Flood_Earthquake_Database\Cyclone\87.jpg,Cyclone,Wildfire,0.918814480304718
E:\CUG\Spatial_time_BigdataAnalysis\project\spatial_time_bigdata_analysis\data\Cyclone_Wildfire_Flood_Earthquake_Database\Cyclone\871.jpg,Cyclone,Wildfire,0.7543442845344543
E:\CUG\Spatial_time_BigdataAnalysis\project\spatial_time_bigdata_analysis\data\Cyclone_Wildfire_Flood_Earthquake_Database\Cyclone\872.jpg,Cyclone,Wildfire,0.5396357178688049
E:\CUG\Spatial_time_BigdataAnalysis\project\spatial_time_bigdata_analysis\data\Cyclone_Wildfire_Flood_Earthquake_Database\Cyclone\874.jpg,Cyclone,Wildfire,0.5733904838562012
E:\CUG\Spatial_time_BigdataAnalysis\project\spatial_time_bigdata_analysis\data\Cyclone_Wildfire_Flood_Earthquake_Database\Cyclone\875.jpg,Cyclone,Wildfire,0.9764223098754883
E:\CUG\Spatial_time_BigdataAnalysis\project\spatial_time_bigdata_analysis\data\Cyclone_Wildfire_Flood_Earthquake_Database\Cyclone\88.jpg,Cyclone,Wildfire,0.8538831472396851
E:\CUG\Spatial_time_BigdataAnalysis\project\spatial_time_bigdata_analysis\data\Cyclone_Wildfire_Flood_Earthquake_Database\Cyclone\881.jpg,Cyclone,Wildfire,0.9986415505409241
E:\CUG\Spatial_time_BigdataAnalysis\project\spatial_time_bigdata_analysis\data\Cyclone_Wildfire_Flood_Earthquake_Database\Cyclone\883.jpg,Cyclone,Wildfire,0.9795066714286804
E:\CUG\Spatial_time_BigdataAnalysis\project\spatial_time_bigdata_analysis\data\Cyclone_Wildfire_Flood_Earthquake_Database\Cyclone\885.jpg,Cyclone,Wildfire,0.9495586156845093
E:\CUG\Spatial_time_BigdataAnalysis\project\spatial_time_bigdata_analysis\data\Cyclone_Wildfire_Flood_Earthquake_Database\Cyclone\886.jpg,Cyclone,Wildfire,0.9616544842720032
E:\CUG\Spatial_time_BigdataAnalysis\project\spatial_time_bigdata_analysis\data\Cyclone_Wildfire_Flood_Earthquake_Database\Cyclone\892.jpg,Cyclone,Wildfire,0.8959111571311951
E:\CUG\Spatial_time_BigdataAnalysis\project\spatial_time_bigdata_analysis\data\Cyclone_Wildfire_Flood_Earthquake_Database\Cyclone\895.jpg,Cyclone,Wildfire,0.7567320466041565
E:\CUG\Spatial_time_BigdataAnalysis\project\spatial_time_bigdata_analysis\data\Cyclone_Wildfire_Flood_Earthquake_Database\Cyclone\898.jpg,Cyclone,Wildfire,0.5205088257789612
E:\CUG\Spatial_time_BigdataAnalysis\project\spatial_time_bigdata_analysis\data\Cyclone_Wildfire_Flood_Earthquake_Database\Cyclone\90.jpg,Cyclone,Wildfire,0.5612097978591919
E:\CUG\Spatial_time_BigdataAnalysis\project\spatial_time_bigdata_analysis\data\Cyclone_Wildfire_Flood_Earthquake_Database\Cyclone\900.jpg,Cyclone,Wildfire,0.9926839470863342
E:\CUG\Spatial_time_BigdataAnalysis\project\spatial_time_bigdata_analysis\data\Cyclone_Wildfire_Flood_Earthquake_Database\Cyclone\903.jpg,Cyclone,Wildfire,0.8838526010513306
E:\CUG\Spatial_time_BigdataAnalysis\project\spatial_time_bigdata_analysis\data\Cyclone_Wildfire_Flood_Earthquake_Database\Cyclone\904.jpg,Cyclone,Wildfire,0.6110430359840393
E:\CUG\Spatial_time_BigdataAnalysis\project\spatial_time_bigdata_analysis\data\Cyclone_Wildfire_Flood_Earthquake_Database\Cyclone\906.jpg,Cyclone,Wildfire,0.7026669979095459
E:\CUG\Spatial_time_BigdataAnalysis\project\spatial_time_bigdata_analysis\data\Cyclone_Wildfire_Flood_Earthquake_Database\Cyclone\908.jpg,Cyclone,Wildfire,0.9623950719833374
E:\CUG\Spatial_time_BigdataAnalysis\project\spatial_time_bigdata_analysis\data\Cyclone_Wildfire_Flood_Earthquake_Database\Cyclone\91.jpg,Cyclone,Wildfire,0.5694235563278198
E:\CUG\Spatial_time_BigdataAnalysis\project\spatial_time_bigdata_analysis\data\Cyclone_Wildfire_Flood_Earthquake_Database\Cyclone\910.jpg,Cyclone,Wildfire,0.9153043627738953
E:\CUG\Spatial_time_BigdataAnalysis\project\spatial_time_bigdata_analysis\data\Cyclone_Wildfire_Flood_Earthquake_Database\Cyclone\911.jpg,Cyclone,Wildfire,0.8265390992164612
E:\CUG\Spatial_time_BigdataAnalysis\project\spatial_time_bigdata_analysis\data\Cyclone_Wildfire_Flood_Earthquake_Database\Cyclone\913.jpg,Cyclone,Wildfire,0.9984596967697144
E:\CUG\Spatial_time_BigdataAnalysis\project\spatial_time_bigdata_analysis\data\Cyclone_Wildfire_Flood_Earthquake_Database\Cyclone\914.jpg,Cyclone,Earthquake,0.9392934441566467
E:\CUG\Spatial_time_BigdataAnalysis\project\spatial_time_bigdata_analysis\data\Cyclone_Wildfire_Flood_Earthquake_Database\Cyclone\915.jpg,Cyclone,Wildfire,0.9460036754608154
E:\CUG\Spatial_time_BigdataAnalysis\project\spatial_time_bigdata_analysis\data\Cyclone_Wildfire_Flood_Earthquake_Database\Cyclone\916.jpg,Cyclone,Wildfire,0.9646140336990356
E:\CUG\Spatial_time_BigdataAnalysis\project\spatial_time_bigdata_analysis\data\Cyclone_Wildfire_Flood_Earthquake_Database\Cyclone\920.jpg,Cyclone,Wildfire,0.7794024348258972
E:\CUG\Spatial_time_BigdataAnalysis\project\spatial_time_bigdata_analysis\data\Cyclone_Wildfire_Flood_Earthquake_Database\Cyclone\924.jpg,Cyclone,Wildfire,0.9225963950157166
E:\CUG\Spatial_time_BigdataAnalysis\project\spatial_time_bigdata_analysis\data\Cyclone_Wildfire_Flood_Earthquake_Database\Cyclone\925.jpg,Cyclone,Wildfire,0.9957132339477539
E:\CUG\Spatial_time_BigdataAnalysis\project\spatial_time_bigdata_analysis\data\Cyclone_Wildfire_Flood_Earthquake_Database\Cyclone\927.jpg,Cyclone,Wildfire,0.954197108745575
E:\CUG\Spatial_time_BigdataAnalysis\project\spatial_time_bigdata_analysis\data\Cyclone_Wildfire_Flood_Earthquake_Database\Cyclone\93.jpg,Cyclone,Wildfire,0.8607837557792664
E:\CUG\Spatial_time_BigdataAnalysis\project\spatial_time_bigdata_analysis\data\Cyclone_Wildfire_Flood_Earthquake_Database\Cyclone\95.jpg,Cyclone,Wildfire,0.9593921303749084
E:\CUG\Spatial_time_BigdataAnalysis\project\spatial_time_bigdata_analysis\data\Cyclone_Wildfire_Flood_Earthquake_Database\Cyclone\97.jpg,Cyclone,Wildfire,0.7469152808189392
